File,Completeness,Conciseness,cor.mean,cov.mean,eigenvalues.mean,g_mean.mean,h_mean.mean,iq_range.mean,kurtosis.mean,mad.mean,max.mean,mean.mean,median.mean,min.mean,nr_cor_attr,nr_norm,nr_outliers,range.mean,sd.mean,skewness.mean,sparsity.mean,t_mean.mean,var.mean,ClassImbRatio,ClassOverlapPerc,OutlierPerc,attr_to_inst,inst_to_attr,nr_attr,nr_bin,nr_inst,nr_num,attr_conc.mean,attr_ent.mean,ena,nUnique,snr.mean,cEntropy,LabelIssuesPerc,FeatureAlgo
3year.csv,0.014483773866807,0.008283347614966999,0.082104863432127,703894.7236510841,597952689.836024,,,108.01201282484399,5352.37733987658,55.1900173139221,510392.0279125,194.71723122172799,33.0618828234375,-276019.85534254,0.060515873015873,0,64,786411.883255041,7839.38129819765,31.1906497588735,1.22e-05,45.474161649152094,597952689.836024,0.5,0.0,0.004665333714177,0.006093497096068002,164.109375,64,0,10503,64,0.033053744945898994,4.314353034941791,0.158799135542586,2,0.134872031783589,0.27407534346879103,0.00019042178425211843,multisurf
