File,Completeness,Conciseness,cor.mean,cov.mean,eigenvalues.mean,g_mean.mean,h_mean.mean,iq_range.mean,kurtosis.mean,mad.mean,max.mean,mean.mean,median.mean,min.mean,nr_cor_attr,nr_norm,nr_outliers,range.mean,sd.mean,skewness.mean,sparsity.mean,t_mean.mean,var.mean,ClassImbRatio,ClassOverlapPerc,OutlierPerc,attr_to_inst,inst_to_attr,nr_attr,nr_bin,nr_inst,nr_num,attr_conc.mean,attr_ent.mean,ena,nUnique,snr.mean,cEntropy,LabelIssuesPerc,FeatureAlgo
wine.data,0.0,0.0,0.302442917158081,39.908361709224295,7644.127837668059,64.0721957835968,59.6580972321931,39.97076923076921,-0.047175459309511,24.789072,148.29,68.9831794867449,63.1976923076923,28.9707692307692,0.179487179487179,1,7,119.319230769231,26.167487951058398,0.348460445710094,0.006244564001193001,64.806718907261,7644.127837668059,0.0,0.0,0.005649717514124001,0.073446327683616,13.6153846153846,13,0,177,13,0.07901565344902499,2.31722203952825,3.61496578635142,3,4.72221584373743,0.988431801378592,0.011299435028248588,mrmr
